,City,Cloudiness,Country,Date,Humidity,Lat,Lng,Max Temp,Wind Speed
0,Bredasdorp,0,ZA,1541660400,68,-34.53,20.04,292.15,3.6
1,Mahebourg,40,MU,1541660400,65,-20.41,57.7,301.15,6.7
2,Nikolskoye,90,RU,1541660400,93,59.7,30.79,277.15,2.0
3,Constitucion,0,MX,1541662684,78,23.99,-104.67,280.388,1.51
4,Trelew,56,AR,1541662924,37,-43.25,-65.31,290.138,2.91
5,Kavieng,0,PG,1541662533,100,-2.57,150.8,303.138,2.86
6,Hilo,1,US,1541660160,87,19.71,-155.08,295.35,2.6
7,Rikitea,80,PF,1541663025,100,-23.12,-134.97,296.038,0.76
8,Storforshei,0,NO,1541659800,100,66.4,14.52,278.15,2.1
9,Castro,92,CL,1541662727,96,-42.48,-73.76,282.363,2.76
10,Nago,90,IT,1541660100,95,45.88,10.89,285.15,0.31
11,Victor Harbor,0,AU,1541662200,42,-35.55,138.62,290.15,2.1
12,Isangel,92,VU,1541662708,100,-19.55,169.27,297.738,7.16
13,Kaitangata,92,NZ,1541662501,91,-46.28,169.85,281.763,7.81
14,Ushuaia,75,AR,1541660400,69,-54.81,-68.31,277.15,11.8
15,Morant Bay,20,JM,1541660400,74,17.88,-76.41,299.15,1.5
16,Norman Wells,5,CA,1541660400,84,65.28,-126.83,258.15,2.1
17,Victoria,75,BN,1541660400,70,5.28,115.24,304.15,3.6
18,Bluff,0,AU,1541662513,45,-23.58,149.07,296.238,5.26
19,Stromness,90,CA,1541660400,74,42.87,-79.55,277.55,4.1
20,Punta Arenas,75,CL,1541660400,75,-53.16,-70.91,278.15,9.3
21,New Norfolk,75,AU,1541660400,41,-42.78,147.06,287.15,5.1
22,Pyaozerskiy,76,RU,1541663029,100,65.83,31.17,272.538,1.66
23,Biltine,0,TD,1541663030,17,14.53,20.93,304.513,6.71
24,Lacolle,90,CA,1541661300,63,45.08,-73.37,279.65,3.1
25,Aklavik,40,CA,1541660400,71,68.22,-135.01,259.15,2.1
26,Bethel,90,US,1541659980,100,60.79,-161.76,272.05,1.5
27,Arraial do Cabo,92,BR,1541662492,100,-22.97,-42.02,294.088,10.41
28,Chokurdakh,64,RU,1541662679,64,70.62,147.9,247.813,3.16
29,Pevek,12,RU,1541662516,100,69.7,170.27,256.513,2.41
30,Benicarlo,48,ES,1541663033,100,40.42,0.43,289.788,3.51
31,Misratah,0,LY,1541663034,81,32.38,15.09,295.863,2.71
32,Ritchie,0,ZA,1541660400,34,-29.03,24.6,292.15,7.7
33,Busselton,56,AU,1541662496,80,-33.64,115.35,294.463,4.91
34,Chimbote,92,PE,1541662692,92,-9.08,-78.59,289.738,1.26
35,Hobart,75,AU,1541660400,41,-42.88,147.33,287.15,5.1
36,Puri,40,ID,1541660400,62,-7.54,112.45,305.15,5.1
37,Port Augusta,0,AU,1541660400,40,-32.49,137.76,293.15,5.1
38,Miedzyrzecz,64,PL,1541660400,100,52.44,15.58,275.15,0.5
39,Bathurst,0,AU,1541663036,64,-33.42,149.58,282.213,1.66
40,Conceicao do Araguaia,36,BR,1541663036,96,-8.26,-49.26,295.463,1.31
41,Lebu,75,ET,1541660400,77,8.96,38.73,290.15,3.1
42,Albany,20,US,1541660040,75,42.65,-73.75,278.15,2.1
43,Puerto Ayora,64,EC,1541662505,100,-0.74,-90.35,295.338,4.51
44,Pandan,64,PH,1541662608,96,11.72,122.09,302.038,9.86
45,Vila Velha,20,BR,1541660400,74,-3.71,-38.6,300.15,5.7
46,Namibe,0,AO,1541662618,100,-15.19,12.15,296.088,2.06
47,Ponta do Sol,92,BR,1541662595,99,-20.63,-46.0,290.663,4.46
48,Port Alfred,0,ZA,1541662507,82,-33.59,26.89,292.888,6.01
49,Coihaique,90,CL,1541660400,81,-45.58,-72.07,283.15,2.6
50,Butembo,20,CD,1541663041,87,0.12,29.29,296.663,0.51
51,Ancud,80,CL,1541662624,91,-41.87,-73.83,283.263,3.16
52,Mataura,92,NZ,1541662490,95,-46.19,168.86,281.138,5.96
53,Makasar,40,ID,1541662200,70,-6.28,106.88,304.15,4.1
54,Sioux Lookout,90,CA,1541660520,85,50.1,-91.92,265.15,2.6
55,Cape Town,0,ZA,1541660400,68,-33.93,18.42,291.15,8.2
56,Carnarvon,8,ZA,1541662585,10,-30.97,22.13,296.513,4.91
57,Vardo,1,US,1541661300,53,39.62,-77.74,282.15,1.81
58,Santa Ines,75,EC,1541660400,93,-0.82,-78.63,284.15,1.5
59,Hofn,92,IS,1541662554,94,64.25,-15.21,280.513,8.01
60,Lebanon,75,US,1541661300,53,43.64,-72.25,280.35,4.1
61,Cidreira,36,BR,1541662488,81,-30.17,-50.22,291.538,7.16
62,Hermanus,0,ZA,1541662511,34,-34.42,19.24,297.538,2.06
63,Samarai,68,PG,1541663045,99,-10.62,150.67,300.263,7.06
64,Lata,8,IN,1541662488,63,30.78,78.62,286.513,0.86
65,Dikson,56,RU,1541662512,100,73.51,80.55,261.138,13.36
66,Ahipara,48,NZ,1541662499,90,-35.17,173.16,289.638,5.16
67,Leningradskiy,56,RU,1541662582,100,69.38,178.42,262.788,3.86
68,Talnakh,56,RU,1541662625,84,69.49,88.39,249.813,3.76
69,Cap-aux-Meules,0,CA,1541663027,95,47.38,-61.86,281.213,14.36
70,Butaritari,24,KI,1541663047,99,3.07,172.79,303.113,6.01
71,Hasaki,40,JP,1541658600,77,35.73,140.83,291.15,7.2
72,Goure,0,NE,1541663047,13,13.98,10.27,305.138,6.06
73,Marzuq,0,YE,1541663048,33,14.4,46.47,300.988,1.51
74,Carrick-on-Suir,76,IE,1541663048,93,52.35,-7.41,284.288,7.61
75,Cabo San Lucas,0,MX,1541662364,100,22.89,-109.91,299.288,4.36
76,Roald,0,NO,1541659800,93,62.58,6.12,280.15,2.1
77,Saint-Philippe,75,CA,1541661300,70,45.36,-73.48,279.65,10.8
78,Pangnirtung,76,CA,1541662523,100,66.15,-65.72,263.788,4.76
79,Gelemso,76,ET,1541663051,61,8.81,40.52,293.963,1.31
80,Marathon,76,CA,1541663029,100,48.72,-86.38,271.663,3.46
81,Bathsheba,20,BB,1541660400,83,13.22,-59.52,300.15,7.7
82,Faya,0,SA,1541660400,35,18.39,42.45,296.15,3.6
83,Cofradia,40,PH,1541660400,46,14.85,120.83,306.15,7.7
84,Tuatapere,88,NZ,1541662552,100,-46.13,167.69,281.613,5.21
85,Kiunga,88,PG,1541663053,89,-6.12,141.3,298.488,0.51
86,Severo-Kurilsk,56,RU,1541662520,99,50.68,156.12,276.638,4.86
87,Atasu,88,KZ,1541663053,74,48.68,71.64,273.638,8.86
88,Zhaotong,0,CN,1541663054,69,27.34,103.71,285.863,0.96
89,Eureka,1,US,1541662500,100,40.8,-124.16,277.15,4.1
90,Port Pirie,0,AU,1541660400,40,-33.18,138.01,293.15,5.1
91,Chuy,0,UY,1541662520,89,-33.69,-53.46,288.488,5.71
92,Tuktoyaktuk,75,CA,1541656800,84,69.44,-133.03,258.15,3.6
93,Bodden Town,80,KY,1541662770,100,19.28,-81.25,301.163,4.41
94,Mar del Plata,12,AR,1541662457,53,-46.43,-67.52,289.963,11.26
95,Jishou,36,CN,1541663056,92,28.26,109.7,286.388,0.96
96,Yellowknife,90,CA,1541660400,72,62.45,-114.38,261.15,4.1
97,Atuona,8,PF,1541662518,100,-9.8,-139.03,297.613,4.11
98,Iqaluit,75,CA,1541660400,62,63.75,-68.52,268.15,3.6
99,Mae Chan,40,TH,1541660400,55,20.15,99.85,303.15,2.6
100,Dubbo,0,AU,1541662200,27,-32.25,148.6,291.15,5.7
101,Guadalupe y Calvo,0,MX,1541663058,77,26.09,-106.96,277.963,0.66
102,Aswan,0,EG,1541660400,40,24.09,32.9,295.15,3.1
103,Gisborne,0,NZ,1541662762,74,-38.66,178.02,290.513,4.76
104,Pio XII,12,BR,1541663059,90,-3.89,-45.17,296.988,2.61
105,Kasamwa,20,TZ,1541660400,69,-2.84,32.42,300.15,5.1
106,Port Hardy,5,CA,1541660400,88,50.7,-127.42,273.15,2.1
107,Acapulco,40,MX,1541659620,88,16.86,-99.88,299.15,1.66
108,Ierapetra,40,GR,1541659800,82,35.01,25.74,290.15,1.06
109,Arman,0,RU,1541660400,64,59.7,150.17,255.15,2.0
110,Kahului,20,US,1541660160,84,20.89,-156.47,296.45,1.5
111,Vao,68,EE,1541662706,100,59.1,26.19,278.363,2.11
112,Ixtapa,5,MX,1541659620,100,20.71,-105.21,297.15,0.96
113,Udala,20,ES,1541660400,100,43.08,-2.51,286.15,3.31
114,Avarua,90,CK,1541660400,78,-21.21,-159.78,298.15,6.2
115,Atherton,40,GB,1541659800,75,53.52,-2.49,281.15,3.1
116,Pavino,90,RU,1541660400,86,55.02,82.61,274.15,8.0
117,Kangaatsiaq,0,GL,1541663063,100,68.31,-53.46,261.788,1.41
118,Tiksi,32,RU,1541662498,68,71.64,128.87,246.913,1.31
119,Coquimbo,90,CL,1541660400,93,-29.95,-71.34,286.15,1.21
120,San Cristobal,75,EC,1541660400,93,-0.39,-78.55,284.15,1.5
121,Jamestown,0,AU,1541662504,38,-33.21,138.6,288.463,2.06
122,Juba,90,EE,1541659800,100,57.82,26.93,278.15,1.5
123,Clyde River,90,CA,1541660940,84,70.47,-68.59,259.15,4.6
124,Tarakan,20,ID,1541663065,80,3.3,117.63,303.763,2.36
125,Auki,8,NG,1541662725,31,12.18,6.51,302.738,4.31
126,Tasiilaq,92,GL,1541659800,99,65.61,-37.64,273.15,2.1
127,Carutapera,8,BR,1541663066,85,-1.2,-46.02,299.238,4.16
128,Narsaq,36,GL,1541659800,62,60.91,-46.05,268.15,1.5
129,Valleyview,0,CA,1541663068,56,55.07,-117.28,254.088,1.31
130,Ambanja,75,MG,1541660400,66,-13.68,48.45,302.15,2.1
131,Broome,0,GB,1541660160,86,52.47,1.45,280.25,2.6
132,Cherskiy,44,RU,1541662525,81,68.75,161.3,250.763,1.86
133,Umm Kaddadah,0,SD,1541663070,16,13.6,26.69,301.663,6.46
134,Port Elizabeth,75,US,1541660160,64,39.31,-74.98,287.05,2.6
135,Yulara,12,AU,1541660400,19,-25.24,130.99,300.15,6.2
136,Nanlong,8,CN,1541663071,78,31.35,106.05,285.863,2.86
137,Tamala,80,RU,1541663071,95,52.54,43.26,276.338,3.81
138,Pimentel,8,BR,1541663071,90,-3.7,-45.5,297.013,1.61
139,Saint George,75,GR,1541659800,87,39.45,22.34,286.15,1.46
140,Chumikan,88,RU,1541662555,94,54.72,135.31,270.988,1.61
141,Cockburn Town,12,TC,1541662699,97,21.46,-71.14,301.238,4.71
142,Alta Floresta,80,BR,1541663072,98,-9.87,-56.08,295.163,1.06
143,Moerai,88,PF,1541663073,100,-22.43,-151.33,297.263,6.56
144,Kudat,75,MY,1541660400,83,6.89,116.84,302.15,2.1
145,Praia da Vitoria,20,PT,1541660400,87,38.73,-27.07,287.15,10.21
146,Zhigansk,80,RU,1541662678,71,66.77,123.37,254.363,6.76
147,Palu,92,ID,1541663074,89,-0.9,119.87,295.138,0.36
148,Mega,12,ET,1541663074,59,4.06,38.32,298.613,2.31
149,Mount Isa,0,AU,1541660400,11,-20.73,139.49,305.15,7.7
150,Hirtshals,44,DK,1541663075,100,57.59,9.96,281.963,3.56
151,East London,0,ZA,1541660400,52,-33.02,27.91,293.15,5.1
152,General Pico,0,AR,1541663075,56,-35.66,-63.75,290.463,6.91
153,Qaanaaq,0,GL,1541662508,100,77.48,-69.36,253.638,3.26
154,Leh,64,IN,1541663076,80,34.16,77.58,253.988,0.21
155,Hithadhoo,48,MV,1541662587,98,-0.6,73.08,302.663,8.21
156,Vaini,20,IN,1541662488,50,15.34,74.49,305.388,1.61
157,Nouadhibou,0,MR,1541660400,77,20.93,-17.03,291.15,6.7
158,Vestmanna,76,FO,1541659800,81,62.16,-7.17,281.15,6.2
159,Kodiak,1,US,1541659980,92,39.95,-94.76,270.35,2.1
160,Skoghall,90,SE,1541659800,100,59.32,13.47,280.15,1.0
161,Airai,24,TL,1541662569,76,-8.93,125.41,298.463,0.61
162,Poshtove,0,UA,1541663078,91,49.79,28.1,279.613,3.96
163,Antofagasta,90,CL,1541660400,67,-23.65,-70.4,289.15,3.1
164,Upernavik,68,GL,1541662541,100,72.79,-56.15,265.513,6.26
165,Panguiranan,76,PH,1541663079,90,12.07,123.32,301.338,7.46
166,Nanortalik,92,GL,1541663079,96,60.14,-45.24,271.263,4.91
167,Totoral,92,BO,1541663079,99,-18.5,-66.87,276.838,1.16
168,Agirish,0,RU,1541663080,54,61.92,63.02,260.863,4.66
169,Killybegs,76,IE,1541663080,100,54.63,-8.45,280.238,8.21
170,Arlit,0,NE,1541663080,14,18.74,7.39,302.463,2.11
171,Faanui,92,PF,1541662622,100,-16.48,-151.75,300.388,8.26
172,Karratha,56,AU,1541662655,22,-20.74,116.85,309.963,5.16
173,Trairi,0,BR,1541663082,100,-3.28,-39.27,300.088,10.66
174,Longyearbyen,40,NO,1541659800,74,78.22,15.63,271.15,0.91
175,Mayumba,88,GA,1541663083,100,-3.44,10.65,297.538,1.21
176,Phan Thiet,24,VN,1541662783,90,10.93,108.1,301.288,9.26
177,Lasa,20,CY,1541660400,53,34.92,32.53,296.15,2.1
178,Meybod,40,IR,1541660400,41,32.25,54.02,287.15,1.0
179,Yenotayevka,0,RU,1541663084,73,47.24,47.04,281.988,2.26
180,Great Bend,90,US,1541660160,69,38.36,-98.78,275.95,4.1
181,Sao Felix do Xingu,24,BR,1541663085,100,-6.64,-51.99,295.288,0.96
182,Beringovskiy,92,RU,1541662685,100,63.05,179.32,273.588,8.36
183,Port Hedland,80,AU,1541662200,28,-20.31,118.58,308.15,8.2
184,Berlevag,20,NO,1541659800,80,70.86,29.09,274.15,6.2
185,Kapaa,40,US,1541660160,76,22.08,-159.32,298.75,4.1
186,Flinders,0,AU,1541656800,39,-34.58,150.85,291.15,6.2
187,Fare,92,PF,1541662594,100,-16.7,-151.02,300.088,7.91
188,Tangzhai,36,CN,1541663086,93,26.73,109.0,285.013,1.26
189,Tura,0,IN,1541663087,62,25.52,90.21,299.413,1.51
190,Benguela,0,AO,1541663087,92,-12.58,13.4,300.138,2.86
191,Serafimovich,8,RU,1541663087,73,49.58,42.73,278.863,2.31
192,Baiao,76,BR,1541663091,99,-2.79,-49.67,296.913,1.01
193,Thompson,90,CA,1541660400,84,55.74,-97.86,255.15,2.46
194,Cairns,75,AU,1541662200,69,-16.92,145.77,301.15,4.1
195,Port Lincoln,0,AU,1541662604,78,-34.72,135.86,288.838,4.76
196,Barrow,12,AR,1541662507,52,-38.31,-60.23,289.288,8.46
197,Ulagan,76,RU,1541663092,68,50.63,87.96,267.838,1.96
198,Ajdabiya,0,LY,1541663092,58,30.75,20.22,295.638,3.51
199,Ishinomaki,75,JP,1541660400,67,38.42,141.3,289.15,5.1
200,Washington DC.,90,US,1541661300,49,38.9,-77.04,288.15,2.6
201,Maroantsetra,88,MG,1541663094,98,-15.43,49.74,296.613,2.21
202,Mattawa,90,CA,1541660400,100,46.32,-78.7,274.15,7.7
203,Karakol,88,KG,1541663094,99,42.49,78.39,268.288,1.51
204,Uyar,24,RU,1541663094,86,55.81,94.33,271.113,5.71
205,Honiara,64,SB,1541662804,99,-9.43,159.96,297.263,1.46
206,Havre-Saint-Pierre,75,CA,1541660400,86,50.23,-63.6,277.15,9.3
207,Dinguiraye,20,GN,1541663098,67,11.29,-10.71,299.138,1.86
208,Marrakesh,0,MA,1541660400,93,31.63,-7.99,284.15,1.5
209,Moron,88,VE,1541663101,96,10.49,-68.2,294.663,0.76
210,Ambovombe,80,MG,1541663101,76,-25.18,46.09,298.413,4.91
211,Ossora,0,RU,1541663102,100,59.24,163.07,269.913,8.76
212,Luderitz,0,NA,1541660400,43,-26.65,15.16,294.15,2.6
213,Norfolk,40,US,1541661360,92,36.85,-76.29,290.65,4.36
214,Ulladulla,0,AU,1541660400,42,-35.36,150.48,290.15,4.6
215,Taguatinga,75,BR,1541660400,93,-15.83,-48.06,292.15,1.0
216,Georgetown,0,GY,1541656800,94,6.8,-58.16,298.15,1.0
217,Leoben,24,AT,1541659800,93,47.38,15.09,283.15,0.5
218,Monticello,90,US,1541661360,74,45.31,-93.79,269.25,3.1
219,Vanavara,80,RU,1541663105,81,60.35,102.28,264.763,3.06
220,Onda,20,ES,1541660400,87,39.96,-0.26,284.15,1.5
221,Souillac,90,FR,1541660400,100,45.6,-0.6,281.15,3.6
222,Qaqortoq,32,GL,1541659800,62,60.72,-46.03,268.15,1.5
223,Rodrigues Alves,76,BR,1541663107,95,-7.74,-72.65,297.013,2.71
224,Goianesia,64,BR,1541663107,94,-15.32,-49.12,292.963,3.01
225,Shelabolikha,75,RU,1541660400,92,53.41,82.62,273.15,7.0
226,Adrar,0,DZ,1541660400,32,27.87,-0.29,288.15,4.1
227,Quepos,20,CR,1541660400,88,9.43,-84.16,293.15,2.1
228,Itanhaem,90,BR,1541660400,87,-24.18,-46.79,289.15,6.7
229,Mandan,68,US,1541661300,100,46.83,-100.89,265.95,3.1
230,Vestmannaeyjar,75,IS,1541660400,93,63.44,-20.27,280.15,6.2
231,Moranbah,8,AU,1541663110,40,-22.0,148.04,300.038,7.06
232,Chippewa Falls,90,US,1541661300,71,44.94,-91.39,270.45,3.6
233,Lichuan,0,CN,1541663110,83,30.3,108.94,283.988,0.41
234,Autazes,8,BR,1541663111,93,-3.58,-59.13,298.463,1.16
235,Severobaykalsk,88,RU,1541663111,84,55.65,109.32,264.088,1.51
236,La Rochelle,0,FR,1541660400,100,46.16,-1.15,280.15,4.6
237,Yar-Sale,8,RU,1541663112,97,66.83,70.83,255.363,8.36
238,Rehli,0,IN,1541663113,41,23.64,79.06,300.588,2.01
239,Altay,80,CN,1541663113,75,47.83,88.13,268.613,1.26
240,Torbay,5,CA,1541660400,93,47.66,-52.73,281.15,11.3
241,Saint-Georges,92,CA,1541662590,85,46.12,-70.67,275.838,4.96
242,Plettenberg Bay,36,ZA,1541662698,89,-34.05,23.37,290.913,1.51
243,Amga,0,RU,1541663115,76,60.89,131.98,251.163,1.66
244,Mafeteng,0,LS,1541663116,27,-29.82,27.24,294.038,4.81
245,Port Blair,64,IN,1541663116,97,11.67,92.75,302.663,5.01
246,Grindavik,90,IS,1541660400,100,63.84,-22.43,278.15,4.1
247,Neryungri,0,RU,1541663117,61,56.66,124.71,252.738,1.66
248,Padang,76,ID,1541662653,100,-0.92,100.36,298.838,1.76
249,Khatanga,36,RU,1541662519,60,71.98,102.47,243.763,8.61
250,Ballina,75,IE,1541660400,93,54.11,-9.15,277.15,4.6
251,Turukhansk,48,RU,1541662538,78,65.8,87.96,252.813,4.06
252,Margherita,20,IN,1541662200,51,27.29,95.67,302.15,1.11
253,Huarmey,56,PE,1541663119,93,-10.07,-78.15,286.763,0.26
254,Saskylakh,36,RU,1541662553,42,71.97,114.09,240.338,4.16
255,Vostok,0,RU,1541663119,81,46.45,135.83,268.263,1.21
256,Srednekolymsk,64,RU,1541662642,79,67.46,153.71,253.113,1.66
257,Kungurtug,68,RU,1541662632,68,50.6,97.53,267.363,2.06
258,Bohdan,0,PL,1541663120,91,53.21,23.06,282.738,2.06
259,Provideniya,80,RU,1541662540,100,64.42,-173.23,275.588,9.06
260,Fortuna,0,ES,1541660400,93,38.18,-1.13,286.15,2.6
261,Axim,0,GH,1541663125,100,4.87,-2.24,299.913,1.86
262,Raposa,40,PT,1541660400,93,39.11,-8.58,287.15,3.1
263,Monrovia,40,LR,1541660400,94,6.33,-10.8,296.15,2.1
264,Popondetta,64,PG,1541663125,76,-8.77,148.24,296.913,0.56
265,Taybad,8,IR,1541663126,73,34.74,60.78,283.363,2.96
266,Mogadishu,75,SO,1541660400,74,2.04,45.34,302.15,4.1
267,Ati,0,TD,1541663126,16,13.21,18.34,303.388,4.11
268,Waddan,12,LY,1541663127,81,29.16,16.14,291.338,1.86
269,Cabedelo,20,BR,1541660400,83,-6.97,-34.84,297.15,2.1
270,Qasigiannguit,0,GL,1541659800,60,68.82,-51.19,261.15,2.1
271,Kuusamo,90,FI,1541659800,100,65.96,29.19,273.15,2.1
272,Meulaboh,76,ID,1541662575,100,4.14,96.13,299.763,3.56
273,Shima,75,JP,1541660400,68,34.34,136.82,292.15,4.1
274,Mokhsogollokh,0,RU,1541663128,76,61.4,128.95,253.338,2.56
275,Eyl,48,SO,1541662599,88,7.98,49.82,300.888,5.36
276,Lamar,90,US,1541659980,75,38.09,-102.62,274.25,4.1
277,Alice Springs,20,AU,1541662200,28,-23.7,133.88,296.15,6.2
278,Mountain Home,1,US,1541659980,72,43.13,-115.69,273.15,2.6
279,Bacolod,24,PH,1541663033,73,10.68,122.95,301.038,5.41
280,Mount Gambier,56,AU,1541663130,61,-37.83,140.78,286.238,2.66
281,Katsuura,75,JP,1541660400,77,33.93,134.5,292.15,2.6
282,Emerald,0,AU,1541663131,42,-23.53,148.16,296.788,5.96
283,Vanimo,20,PG,1541662609,100,-2.67,141.3,302.738,4.21
284,Saryozek,88,KZ,1541663131,88,44.36,77.98,273.913,5.96
285,Nishihara,75,JP,1541660400,56,35.74,139.53,293.15,3.1
286,Ilulissat,0,GL,1541659800,60,69.22,-51.1,261.15,2.1
287,Kruisfontein,24,ZA,1541663132,77,-34.0,24.73,292.738,1.96
288,Mehamn,0,NO,1541659800,80,71.03,27.85,275.15,4.6
289,Matipo,92,BR,1541663133,100,-20.28,-42.34,291.463,1.56
290,Dingle,8,PH,1541662562,73,11.0,122.67,301.213,7.16
291,Ribeira Grande,40,PT,1541660400,67,38.52,-28.7,290.15,5.1
292,Kuryk,0,KZ,1541663134,79,43.18,51.68,283.038,3.41
293,Avera,90,US,1541660100,97,33.19,-82.53,291.45,1.5
294,Masvingo,76,ZW,1541663135,63,-20.08,30.83,290.763,6.36
295,Tiznit,12,MA,1541663135,94,29.7,-9.73,288.388,1.41
296,Saint-Augustin,90,FR,1541660400,100,44.83,-0.61,280.15,5.1
297,Mudgee,0,AU,1541663137,64,-32.6,149.59,284.638,3.86
298,Saint-Pierre,75,FR,1541660400,100,48.95,4.24,279.15,2.6
299,Pecos,75,US,1541661720,94,31.42,-103.49,282.55,3.76
300,Makakilo City,1,US,1541660220,81,21.35,-158.09,299.25,2.11
301,Les Cayes,12,HT,1541663138,100,18.19,-73.75,299.163,2.01
302,Caucaia,20,BR,1541660400,74,-3.73,-38.66,300.15,5.7
303,Skibbereen,75,IE,1541660400,76,51.55,-9.27,282.15,4.6
304,Kieta,64,PG,1541662700,100,-6.22,155.63,299.538,1.31
305,Potsdam,40,DE,1541661600,100,52.4,13.06,279.15,1.0
306,Natal,20,BR,1541660400,78,-5.81,-35.21,298.15,2.6
307,Lompoc,1,US,1541660160,92,34.64,-120.46,284.25,2.91
308,Sao Gabriel da Cachoeira,48,BR,1541663140,97,-0.13,-67.09,296.213,0.61
309,Isiro,20,CD,1541663141,77,2.77,27.62,301.238,1.21
310,Esperance,20,TT,1541660400,94,10.24,-61.45,299.15,2.31
311,Hebi,0,CN,1541663141,53,35.75,114.29,284.538,1.56
312,Kondinskoye,68,RU,1541663142,78,59.65,67.41,264.288,7.51
313,Primo Tapia,90,MX,1541662500,82,32.22,-116.92,292.55,2.06
314,Komsomolskiy,0,RU,1541662691,69,67.55,63.78,256.388,4.36
315,Sinnamary,100,GF,1541663143,94,5.38,-52.96,300.663,5.06
316,Galesong,40,ID,1541660400,94,-5.32,119.37,299.15,2.6
317,Weyburn,44,CA,1541663143,76,49.67,-103.85,260.138,3.21
318,Egvekinot,44,RU,1541663144,76,66.32,-179.17,257.788,0.91
319,Zaplavnoye,75,RU,1541660400,65,48.7,45.02,280.15,7.0
320,Atambua,32,ID,1541663146,100,-9.11,124.89,300.138,0.86
321,Ndago,92,UG,1541663147,84,-0.97,29.98,294.713,2.11
322,Malpe,20,IN,1541662200,59,13.35,74.72,305.15,2.6
323,Codrington,0,AU,1541662628,69,-28.95,153.24,288.738,2.81
324,Dale,0,CN,1541663147,75,24.09,109.99,292.788,2.66
325,Tumbagaan,0,PH,1541663148,100,5.37,120.31,303.338,3.01
326,Toca,68,CO,1541663148,87,5.57,-73.18,282.138,0.41
327,Bulgan,8,MN,1541663149,61,48.81,103.53,271.288,1.26
328,Musoma,20,TZ,1541660400,47,-1.5,33.81,300.15,2.6
329,Lagoa,75,PT,1541660400,93,37.14,-8.45,288.15,4.6
330,Antalaha,20,MG,1541663150,82,-14.9,50.28,300.663,4.66
331,Klaksvik,68,FO,1541659800,81,62.23,-6.59,281.15,6.2
332,Allapalli,0,IN,1541663151,49,19.43,80.06,306.538,1.96
333,Santa Isabel do Rio Negro,0,BR,1541663151,94,-0.41,-65.02,298.138,2.11
334,Sainte-Rose,75,CA,1541660400,70,45.61,-73.79,279.15,7.7
335,Rassvet,40,MD,1541660400,93,47.2,28.43,279.15,0.5
336,Dryden,90,CA,1541660520,78,49.79,-92.84,265.15,1.5
337,Phalaborwa,0,ZA,1541660400,55,-23.95,31.14,292.15,5.1
338,Makaha,1,US,1541660220,97,21.47,-158.22,299.25,1.5
339,Barvinkove,0,UA,1541663155,75,48.91,37.03,279.888,1.61
340,Athabasca,12,CA,1541662654,53,54.72,-113.29,256.963,1.66
341,Jasper,92,US,1541662500,82,33.83,-87.28,287.55,1.96
342,Lakes Entrance,48,AU,1541663156,82,-37.88,147.99,286.488,2.46
343,Shepsi,20,RU,1541663156,100,44.04,39.15,289.663,1.56
344,Graaff-Reinet,0,ZA,1541663157,28,-32.25,24.53,297.963,1.76
345,Bambous Virieux,40,MU,1541660400,65,-20.34,57.76,301.15,6.7
346,Amahai,24,ID,1541663157,100,-3.31,129.0,303.013,2.21
347,Portland,75,US,1541661240,92,45.52,-122.67,278.75,1.11
348,Taoudenni,0,ML,1541662576,20,22.68,-3.98,298.863,2.36
349,Tiarei,75,PF,1541660400,78,-17.53,-149.33,300.15,3.1
350,Svetlaya,0,RU,1541663159,100,46.54,138.33,278.988,5.36
351,Tigzirt,0,DZ,1541663160,66,36.57,4.2,287.088,1.16
352,Manzil Salim,0,TN,1541660400,80,35.86,8.48,278.15,2.1
353,San Carlos,20,VE,1541663161,95,9.66,-68.59,295.338,1.46
354,Whangarei,24,NZ,1541663064,89,-35.73,174.32,290.738,7.36
355,Kiama,0,AU,1541660400,42,-34.67,150.86,290.15,4.6
356,Caravelas,100,BR,1541663162,100,-17.73,-39.27,297.788,5.21
357,Ivanteyevka,90,RU,1541660400,100,55.97,37.92,276.15,2.0
358,Naifaru,92,MV,1541663163,100,5.44,73.37,301.088,2.56
359,Husavik,48,CA,1541663163,100,50.56,-96.99,266.363,2.51
360,Comodoro Rivadavia,0,AR,1541660400,42,-45.87,-67.48,290.15,0.5
361,Haibara,75,JP,1541660400,60,34.53,135.95,295.15,4.1
362,Sarahan,0,IN,1541663164,92,31.51,77.79,267.163,0.31
363,Imbituba,40,BR,1541660400,68,-28.24,-48.67,293.15,4.1
364,North Battleford,90,CA,1541661300,78,52.78,-108.3,262.15,2.1
365,Severo-Yeniseyskiy,76,RU,1541663165,71,60.37,93.04,265.763,2.51
366,Oistins,20,BB,1541660400,83,13.07,-59.53,300.15,7.7
367,Lamu,76,ID,1541663167,100,0.57,122.3,298.163,0.86
368,Gravdal,75,NO,1541659800,66,59.79,5.78,285.15,5.7
369,Novyy Urengoy,32,RU,1541663168,77,66.08,76.63,251.088,6.26
370,Kisanga,80,CD,1541663168,79,-11.72,27.4,298.138,2.86
371,Buala,80,SB,1541662623,98,-8.15,159.59,299.888,3.31
372,Lima,92,PE,1541663169,79,-12.06,-77.04,288.388,0.96
373,Sao Joao da Barra,92,BR,1541662596,100,-21.64,-41.05,295.388,5.81
374,Fairbanks,90,US,1541660280,90,64.84,-147.72,265.35,1.5
375,Porto Novo,75,BR,1541660400,100,-23.68,-45.44,290.15,1.0
376,Labuhan,92,ID,1541663170,96,-2.54,115.51,296.513,1.11
377,Pak Phanang,90,TH,1541660400,100,8.35,100.2,298.15,2.1
378,Byron Bay,0,AU,1541662200,56,-28.65,153.62,293.15,6.2
379,Nogliki,0,RU,1541663171,95,51.8,143.14,276.738,6.36
380,Klyuchi,92,RU,1541663171,73,52.25,79.17,274.613,7.81
381,Iskateley,0,RU,1541663172,74,67.68,53.15,265.213,6.36
382,Caapucu,0,PY,1541663172,76,-26.22,-57.2,294.288,3.71
383,Kudahuvadhoo,44,MV,1541662627,100,2.67,72.89,301.538,4.81
384,Klyuchevskiy,8,RU,1541663173,66,53.53,119.45,262.588,1.66
385,Oktyabrskiy,90,RU,1541660400,86,55.61,37.97,276.15,3.0
386,San Patricio,0,PY,1541663173,70,-26.98,-56.83,294.613,2.21
387,Hai Duong,75,VN,1541662200,60,20.94,106.32,296.15,5.7
388,Coahuayana,0,MX,1541663174,87,18.62,-100.35,289.713,0.76
389,Middlebury,1,US,1541660160,57,44.01,-73.17,279.85,2.6
390,The Valley,75,AI,1541660400,83,18.22,-63.06,300.15,5.7
391,Los Llanos de Aridane,20,ES,1541660400,67,28.66,-17.92,290.15,2.6
392,College,90,US,1541660280,90,64.86,-147.8,265.35,1.5
393,Bealanana,0,MG,1541663176,40,-14.54,48.75,302.713,0.86
394,Bria,0,CF,1541663176,72,6.54,21.99,301.963,2.86
395,Straumen,0,NO,1541659800,86,63.87,11.3,276.15,2.6
396,Ambo,36,ET,1541663177,96,8.98,37.86,289.238,0.66
397,Geraldton,90,CA,1541660400,79,49.72,-86.95,266.15,3.6
398,Howard Springs,75,AU,1541662200,83,-12.5,131.05,301.15,2.1
399,Walvis Bay,20,NA,1541660400,82,-22.95,14.51,289.15,3.6
400,Campbell River,5,CA,1541660400,100,50.02,-125.24,275.15,2.1
401,Sisimiut,8,GL,1541662660,100,66.94,-53.67,251.113,0.86
402,Mana,0,RS,1541660400,100,43.52,20.24,282.15,0.5
403,Mahina,20,ML,1541663181,43,13.76,-10.85,302.038,1.86
404,Nhulunbuy,40,AU,1541662200,62,-12.18,136.78,304.15,5.7
405,Rio Gallegos,0,AR,1541660400,57,-51.62,-69.22,282.15,11.3
406,Canutama,56,BR,1541663183,98,-6.53,-64.38,296.463,1.01
407,Cascais,75,PT,1541660400,93,38.7,-9.42,287.15,3.6
408,Obertyn,90,UA,1541660400,88,48.7,25.17,273.15,2.01
409,Babu,8,CN,1541663184,72,23.23,104.89,289.463,1.41
410,Teknaf,0,BD,1541663184,65,20.86,92.31,302.388,1.31
411,Laela,0,TZ,1541663184,39,-8.57,32.05,300.588,4.01
412,Ishigaki,40,JP,1541660400,83,24.34,124.16,299.15,2.6
413,Kloulklubed,75,PW,1541659800,70,7.04,134.26,303.15,4.1
414,Teplyk,0,UA,1541663185,92,48.66,29.75,280.413,2.11
415,Caraballeda,40,VE,1541660400,83,10.61,-66.85,298.15,3.16
416,Luang Prabang,40,LA,1541660400,55,19.89,102.14,304.15,0.86
417,Calama,0,CL,1541660400,17,-22.46,-68.93,280.15,7.7
418,Labytnangi,48,RU,1541663187,77,66.66,66.39,259.363,4.66
419,Marsh Harbour,76,BS,1541663147,100,26.54,-77.06,299.588,5.26
420,Manali,0,IN,1541663187,89,32.25,77.19,262.613,0.61
421,Sao Filipe,0,CV,1541662678,99,14.9,-24.5,297.988,6.21
422,Novyy Urgal,0,RU,1541663188,72,51.07,132.56,266.463,1.96
423,Copiapo,0,CL,1541660400,87,-27.37,-70.33,286.15,1.0
424,Ryotsu,75,JP,1541660400,49,38.08,138.43,293.15,2.1
425,Rocha,12,UY,1541663189,89,-34.48,-54.34,284.763,3.91
426,Boundiali,36,CI,1541663189,96,9.53,-6.48,298.713,2.06
427,Touros,88,BR,1541663190,91,-5.2,-35.46,298.038,5.56
428,Brandon,1,US,1541661360,85,43.59,-96.57,267.15,1.5
429,Lyuban,56,BY,1541663190,88,52.8,28.0,277.538,3.11
430,Hamilton,90,CA,1541660400,74,43.26,-79.87,279.15,4.1
431,Monte Alegre,0,BR,1541663191,84,-2.0,-54.07,298.163,1.76
432,Ornskoldsvik,90,SE,1541659800,100,63.29,18.72,278.15,2.1
433,Nanakuli,1,US,1541660220,97,21.39,-158.15,299.25,1.5
434,Uglovskoye,92,RU,1541663194,83,51.36,80.19,274.138,6.01
435,Bayevo,92,RU,1541663194,96,53.27,80.77,272.863,8.06
436,Bay Roberts,5,CA,1541660400,93,47.58,-53.28,281.15,11.3
437,Simao,64,CN,1541663195,46,22.76,100.79,296.613,1.26
438,Areosa,20,PT,1541660400,76,41.72,-8.86,286.15,9.3
439,Grafton,0,AU,1541663196,71,-29.69,152.93,290.163,3.16
440,Kroya,68,ID,1541663196,94,-6.5,108.06,299.863,1.06
441,Westport,75,IE,1541660400,93,53.8,-9.52,277.15,4.6
442,Kalmunai,80,LK,1541663197,93,7.42,81.82,299.888,2.06
443,Praya,75,ID,1541662200,78,-8.71,116.27,301.15,1.5
444,Vacha,76,RU,1541663198,95,55.8,42.77,276.338,3.21
445,Voyvozh,0,RU,1541663198,72,62.89,54.96,264.463,4.21
446,Bubaque,40,GW,1541660400,94,11.28,-15.83,299.15,0.5
447,Trinidad,0,UY,1541663201,76,-33.52,-56.9,286.213,5.11
448,Kendari,44,ID,1541662687,91,-3.99,122.52,299.538,1.16
449,Corinto,100,BR,1541663201,84,-18.36,-44.46,293.963,3.46
450,Navahrudak,0,BY,1541663202,86,53.59,25.82,278.663,3.11
451,Ugoofaaru,92,MV,1541663202,100,5.67,73.0,301.088,2.56
452,San Quintin,40,PH,1541660400,59,17.54,120.52,306.15,3.1
453,Rudnichnyy,0,RU,1541663203,45,59.7,60.29,264.613,5.21
454,Sturgis,90,US,1541661360,73,44.41,-103.51,268.15,1.41
455,Kununurra,40,AU,1541662200,47,-15.77,128.74,308.15,2.6
456,Pacific Grove,1,US,1541662500,34,36.62,-121.92,282.55,2.6
457,Leshukonskoye,12,RU,1541663206,70,64.9,45.76,266.838,1.66
458,Guerrero Negro,64,MX,1541663121,100,27.97,-114.04,287.713,3.21
459,Yura,0,PE,1541660400,43,-16.25,-71.68,286.15,1.5
460,Santa Lucia,20,IT,1541660100,71,39.93,9.66,287.15,3.1
461,Tongren,36,CN,1541663209,97,27.72,109.18,285.738,1.31
462,Poim,80,RU,1541663209,95,53.03,43.19,276.338,3.81
463,Saint-Leu,0,RE,1541660400,61,-21.15,55.28,301.15,7.7
464,Daru,32,SL,1541662638,98,7.99,-10.85,297.163,0.56
465,Cabinda,64,AO,1541663210,99,-5.56,12.19,299.763,1.31
466,Evans,40,US,1541662620,86,40.38,-104.69,273.75,1.5
467,Chihuahua,0,MX,1541663211,70,28.66,-106.08,277.113,1.26
468,Beyneu,8,KZ,1541663211,57,45.32,55.19,279.888,2.06
469,Nelson Bay,40,AU,1541662200,48,-32.72,152.14,291.15,5.1
470,Dharchula,0,IN,1541662719,79,29.85,80.53,280.463,0.56
471,Tautira,75,PF,1541660400,78,-17.73,-149.15,300.15,3.1
472,Seddon,64,NZ,1541663213,87,-41.67,174.07,289.013,7.61
473,Boralday,90,KZ,1541660400,56,43.36,76.86,280.15,4.0
474,Xucheng,0,CN,1541663214,80,33.0,118.51,284.363,5.91
475,San Francisco,1,US,1541660400,63,37.78,-122.42,287.55,2.6
476,Inuvik,40,CA,1541660400,71,68.36,-133.71,259.15,2.1
477,Marmaris,75,TR,1541659800,77,36.85,28.27,293.15,2.6
478,Koroni,20,GR,1541659800,93,36.8,21.96,287.15,2.1
479,Moorhead,90,US,1541661300,73,46.87,-96.75,266.15,3.6
480,Woodward,90,US,1541661300,74,36.43,-99.39,278.15,3.6
481,Merauke,12,ID,1541662625,65,-8.49,140.4,303.788,4.66
482,Baglung,8,NP,1541663218,48,28.27,83.59,291.488,0.76
483,Nakamura,75,JP,1541660400,68,35.17,136.87,292.15,4.1
484,Corozal,56,BZ,1541663219,100,18.39,-88.39,299.163,1.91
485,San Carlos de Bariloche,0,AR,1541660400,65,-41.13,-71.31,281.15,1.61
486,Naron,40,ES,1541660400,66,43.52,-8.15,284.15,4.6
487,Tanout,0,NE,1541662631,11,14.97,8.88,304.138,5.21
488,Muravlenko,36,RU,1541663220,74,63.79,74.5,257.013,6.46
489,Gondanglegi,88,ID,1541663220,96,-7.75,112.01,297.888,1.91
490,Slave Lake,90,CA,1541660400,85,55.28,-114.77,264.15,4.1
491,Skegness,20,GB,1541661600,87,53.14,0.34,280.15,6.7
492,Sitka,92,US,1541663221,89,37.17,-99.65,273.863,3.51
493,Duluth,90,US,1541661360,68,46.77,-92.13,271.15,2.6
494,Olinda,75,EC,1541660400,83,-2.03,-79.75,296.15,4.6
495,Hobyo,44,SO,1541663223,74,5.35,48.53,301.913,5.06
496,Buenos Aires,0,AR,1541660400,63,-34.61,-58.44,291.15,9.3
497,Opuwo,0,NA,1541662699,13,-18.06,13.84,305.213,3.46
498,Bauchi,0,NG,1541663224,22,10.31,9.85,304.163,2.26
499,Christchurch,100,NZ,1541662200,81,-43.53,172.64,285.15,5.7
500,Margate,75,AU,1541662200,62,-43.03,147.26,286.15,2.6
501,Kirovsk,88,RU,1541663225,100,67.62,33.66,271.488,1.11
502,Baykit,68,RU,1541663225,83,61.68,96.39,261.788,2.96
503,Altamira,64,BR,1541663228,91,-3.2,-52.21,297.713,1.51
504,Camp Verde,1,US,1541662500,53,34.56,-111.85,284.15,0.96
505,Beisfjord,0,NO,1541661600,100,68.38,17.6,272.15,2.6
506,Turbat,0,PK,1541663229,19,26.0,63.05,306.913,1.56
507,Saldanha,92,PT,1541663229,95,41.42,-6.55,281.488,5.46
508,Sorland,0,NO,1541659800,81,67.67,12.69,281.15,6.2
509,Dzilam Gonzalez,0,MX,1541663230,91,21.28,-88.93,294.713,1.06
510,Rawlins,1,US,1541661300,84,41.79,-107.24,264.25,1.5
511,Nakambala,20,ZM,1541663230,36,-15.83,27.78,303.838,8.31
512,Obo,12,CF,1541663231,80,5.39,26.49,303.038,2.56
513,Paamiut,0,GL,1541662661,100,61.99,-49.67,270.988,4.11
514,Kolvereid,0,NO,1541661600,70,64.86,11.6,281.15,5.7
515,Mokrous,12,RU,1541663232,71,51.24,47.51,277.863,5.06
516,Xaxim,0,BR,1541663232,74,-26.96,-52.53,290.338,3.56
517,Almaznyy,0,RU,1541663232,62,48.03,40.04,281.588,1.96
518,Oriximina,0,BR,1541663232,96,-1.77,-55.87,297.463,1.46
519,Balakhta,80,RU,1541663233,74,55.38,91.62,273.588,4.56
520,Paraiso,0,MX,1541663233,78,24.01,-104.61,280.388,1.51
521,Medicine Hat,1,CA,1541660400,84,50.04,-110.68,259.15,4.1
522,Gizo,0,IL,1541661600,56,31.8,34.94,295.15,1.0
523,San Jose,0,PH,1541663047,61,15.79,120.99,300.463,2.16
524,Togur,80,RU,1541663236,94,58.36,82.83,272.413,4.31
525,Dauphin,32,CA,1541663236,83,51.15,-100.04,260.338,1.96
526,Vagur,56,FO,1541663237,96,61.47,-6.81,282.338,6.96
527,Ozu,75,JP,1541660400,73,33.51,132.54,294.15,2.6
528,Sicamous,75,CA,1541660400,80,50.84,-118.99,274.15,5.1
529,El Seibo,8,DO,1541663238,97,18.76,-69.04,295.588,2.31
530,Kaeo,20,NZ,1541663238,86,-35.1,173.78,288.863,4.36
531,Pochutla,0,MX,1541663238,100,15.74,-96.47,299.913,2.01
532,Makubetsu,75,JP,1541662140,93,42.84,143.34,279.15,1.0
533,Hailar,64,CN,1541663239,73,49.2,119.7,269.738,1.11
534,Konotop,0,UA,1541663240,79,51.24,33.21,279.988,2.06
535,Vaitape,80,PF,1541663240,100,-16.52,-151.75,300.113,7.91
536,Plaza de Caisan,24,PA,1541663240,93,8.73,-82.82,288.113,0.51
537,Hearst,80,CA,1541663241,78,49.69,-83.67,269.738,3.06
538,Bratsk,75,RU,1541660400,74,56.15,101.63,271.15,5.0
539,Pemba,40,MZ,1541660400,74,-12.97,40.52,301.15,2.1
540,Santo Anastacio,92,BR,1541663241,82,-21.84,-51.61,291.963,8.61
541,Viedma,8,AR,1541663242,49,-40.81,-62.99,294.588,9.51
542,Novobirilyussy,88,RU,1541663242,87,56.95,90.69,272.488,4.71
543,Daphne,75,US,1541661900,100,30.6,-87.9,295.35,1.01
544,Vallenar,0,CL,1541663243,66,-28.58,-70.76,284.788,2.11
545,Goderich,88,CA,1541663243,87,43.74,-81.71,278.038,7.06
546,Alofi,100,NU,1541660400,94,-19.06,-169.92,296.15,2.1
547,Ankang,0,CN,1541663244,66,32.73,108.99,283.138,1.06
548,Matamoros,1,US,1541659980,96,25.87,-97.51,298.15,2.6
549,Kenora,90,CA,1541661300,79,49.76,-94.48,266.15,3.1
550,Petropavlovsk-Kamchatskiy,12,RU,1541660400,58,53.05,158.65,272.15,1.0
551,Morbach,75,DE,1541661600,100,49.52,10.62,282.15,2.1
552,Frankenberg,75,DE,1541661600,93,49.04,9.68,282.15,1.5
553,Takoradi,0,GH,1541663246,100,4.89,-1.75,300.538,1.06
554,Whyalla,0,AU,1541660400,40,-33.04,137.58,293.15,5.1
555,Rawson,56,AR,1541663247,37,-43.3,-65.11,290.138,2.91
556,Kaliua,0,TZ,1541663248,39,-5.06,31.79,304.288,1.56
557,Stokmarknes,0,NO,1541661600,80,68.56,14.91,279.15,3.1
558,Nantucket,1,US,1541661300,64,41.28,-70.1,287.55,6.7
559,San Pedro,0,AR,1541663250,77,-33.68,-59.66,288.613,5.86
560,Sangar,44,RU,1541663250,64,63.92,127.47,253.238,4.66
